name,title,creator,youtube_url,template_url,date_posted
Podcast Clip Automation,Generate 100s of Viral Podcast TikTok Clips & Reels with This AI System,Nick Saraev,https://www.youtube.com/watch?v=yueOIxkDig0,https://drive.google.com/file/d/1GSHGp8PUI_7ZV8YXoollecxA7JdOLMt0/view?usp=drive_link,2025-07-02T06:46:01.000Z
AI Resume Screening System,Watch Me Build an AI Resume Analysis System in 28 minutes (no code),Nate Herk | AI Automation,https://www.youtube.com/watch?v=M0s6O8xtVUE,https://drive.google.com/file/d/1dFPQN0ydpHBKzSHLg31eKA8Tv0GtmW_R/view?usp=drive_link,2025-06-30T17:00:55.000Z
RAG Agents Workflow,n8n Just Leveled Up RAG Agents (Reranking & Metadata),Nate Herk | AI Automation,https://www.youtube.com/watch?v=xWhX61651H8,https://drive.google.com/file/d/1ee6skeDuBnYYV_9thU9bCnwYgc1sM-Ii/view?usp=drive_link,2025-06-28T14:52:09.000Z
PPC Thievery,can't believe i built a $70k ai creative team in 66mins using only N8N,Nick Saraev,https://www.youtube.com/watch?v=GNmlnt52aSM,https://drive.google.com/file/d/1ka5OJF-1NWZdM0aM0VA8lZ9AJYvh2cnP/view?usp=drive_link,2025-06-28T05:30:09.000Z
Meeting Prep Automation,This n8n Automation Does ALL My Meeting Prep While I Sleep,Mark Kashef,https://www.youtube.com/watch?v=9HBa364RZBk,https://drive.google.com/file/d/1vH6R5eVJJGNTgDB88ZCkfyKqUgrFkY_q/view?usp=drive_link,2025-06-27T18:20:17.000Z
YT Strategist Agent,I Built a YT Strategist AI Agent That Makes Me $6k/mo (free template n8n),Nate Herk | AI Automation,https://www.youtube.com/watch?v=Ch-AWxvX2Jc,https://drive.google.com/file/d/1FnftwssvJBwXu9XNFnKnoKMj296a-w9r/view?usp=drive_link,2025-06-24T13:55:20.000Z
Viral ASMR Shorts,This AI System Posts Viral ASMR Shorts Hourly (free template),Nate Herk | AI Automation,https://www.youtube.com/watch?v=RvuPRX-b7Lc,https://drive.google.com/file/d/1iyeZv71q308XlZXzxIKyNvnAd_CKoO9I/view?usp=drive_link,2025-06-22T13:52:16.000Z
Client Onboarding System,I Built an AI System that Onboards Clients in 30 Seconds (Free n8n Template),Nolan Harper | Ai Automation,https://www.youtube.com/watch?v=gXKzEt1ZG38,https://drive.google.com/file/d/1jGUC5vcD2W0cOhtIfDwLGdMtMw4OuROY/view?usp=drive_link,2025-06-21T17:07:33.000Z
AI Agent Team Builder,I Built an AI Agent that Builds Entire Teams of AI Agents in n8n (free template),Nate Herk | AI Automation,https://www.youtube.com/watch?v=Ik8OHT3w4pE,https://drive.google.com/file/d/1YidfszPBryjmb2nC1Eeig94X187bnYmq/view?usp=drive_link,2025-06-18T13:40:32.000Z
FB Ad Spy Tool,Build A Facebook Ad Spy Tool With N8N (Sell for $2k+),Nick Saraev,https://www.youtube.com/watch?v=0PJNiDuihBg,https://drive.google.com/file/d/1whrqvO_wTk_NFhufCd3oqD0ZiSk9kaWI/view?usp=drive_link,2025-06-18T05:30:00.000Z
AI Video Analysis,The Simplest Setup for FREE AI Video Analysis (n8n + Google Gemini),Nate Herk | AI Automation,https://www.youtube.com/watch?v=acB2o6nwAn8,https://drive.google.com/file/d/1UYTwp5P0zyz-kpZrQ6vlVH36d-zkPZSM/view?usp=drive_link,2025-06-12T15:38:50.000Z
Viral AI Videos,Generate VIRAL AI Videos Using Veo 3 in N8N! (No Code -¬†Free¬†Template),Mahmut Kasimoglu | AI Automation,https://www.youtube.com/watch?v=axBR8S7AepQ,https://drive.google.com/file/d/1N6CHyusk8ucayPuJswGlcpp7Rf2xe9dR/view?usp=drive_link,2025-06-12T14:42:57.000Z
Graphic Design AI Agent,Watch Me Build a Graphic Design AI Agent Team That Works 24/7 (n8n),Nick Saraev,https://www.youtube.com/watch?v=DrqR7a7lmBE,https://drive.google.com/file/d/1zVQCaCBccYJWNTAoSsuLUCaeGN8CRYcL/view?usp=drive_link  https://drive.google.com/file/d/1qLal1xQDZPgUKe2ojKqEa8AiI5S5D6M2/view?usp=drive_link  https://drive.google.com/file/d/1Rt6fUSjNZtWYESJSZHkfw5TeRUwOyAIz/view?usp=drive_link  https://drive.google.com/file/d/1fkqt-ec9CIAWGxtwNy31OGueAGEuA6kF/view?usp=drive_link  https://drive.google.com/file/d/16wtHAysAuS7rN76hTm5kSifMedZ0i_Mf/view?usp=drive_link ,2025-06-12T05:30:16.000Z
Local AI Agent Workflow,The Ultimate Guide to Local AI and AI Agents (The Future is Here),Cole Medin,https://www.youtube.com/watch?v=mNcXue7X8H0,https://drive.google.com/file/d/1amYKoQv0mqN_Jhe9bxEhqJSiU7A_Vw7J/view?usp=drive_link  https://drive.google.com/file/d/1iKSmt_tyavpEvit0fIQQQ2V_RLvmZWPg/view?usp=drive_link  https://drive.google.com/file/d/1Q95VtcuCRdOfsLmvpoXvlNo-PKj39oAR/view?usp=drive_link  https://drive.google.com/file/d/1d2bixc0qdq97bj3vFsKSXj7dlYFI_ArE/view?usp=drive_link  https://drive.google.com/file/d/1O-N2NridLujr_PH0tWlYyLaAIbTsERj7/view?usp=drive_link  https://drive.google.com/file/d/14aBnJ_yZWlzU25dC1VpnWR23DLNr1g8A/view?usp=drive_link  https://drive.google.com/file/d/1XypTaRApkT1FMLQqH9vXsz5j-9wkw-Fg/view?usp=drive_link  https://drive.google.com/file/d/1AGAIa55ot77KF_5Z3hMY5By4ziSKrQGG/view?usp=drive_link  https://drive.google.com/file/d/1JJ78kPhPJ_tP8zqChWHEnhq13K65nhwc/view?usp=drive_link  https://drive.google.com/file/d/1Xu9Egek6OYsIOcONMipJDhIZOKpkyqF5/view?usp=drive_link  https://drive.google.com/file/d/1UV5KPK-3N9eHEyROEBujeYd76imhkz-0/view?usp=drive_link  https://drive.google.com/file/d/1C9kQNI7dzyAFAe22uggted99xnNbb-0k/view?usp=drive_link  https://drive.google.com/file/d/14QMXz8WS3y_pvEC2h_iBiAL_HP_J7aV1/view?usp=drive_link  https://drive.google.com/file/d/1J3XIipadoaP26R75CJThe_TGVmmznwro/view?usp=drive_link https://drive.google.com/file/d/1EnYajiXsJqLj7Z5mrGH5gLgyEiH2wRma/view?usp=drive_link https://drive.google.com/file/d/15e7FTAwSaE4gQug90E2upjDv2enDI1Os/view?usp=drive_link https://drive.google.com/file/d/1Se-uu6ah8Xa5S9WOWem0ReenczBie54x/view?usp=drive_link https://drive.google.com/file/d/1ZzWw-472tlQjjaMYFVcVq0FGlJAfkK_8/view?usp=drive_link https://drive.google.com/file/d/1FPzQIUIPmDtzxAc4KYSQ4eGfDYqvX_rI/view?usp=drive_link https://drive.google.com/file/d/1xbH16wLu3vE83wKbIqkMpn6-2VaJrmzv/view?usp=drive_link https://drive.google.com/file/d/1-bnYywrZX40Axq5riiT90AvEquGzXJT0/view?usp=drive_link https://drive.google.com/file/d/1D1ZY7PkcLM85k67wYWMpYv_ONao-PW8z/view?usp=drive_link,2025-06-12T00:43:54.000Z
Multi-Agent Orchestrator,"Multi-Agent Systems Have NEVER Been EASIER to Build (n8n, no code)",Nate Herk | AI Automation,https://www.youtube.com/watch?v=0iUNOmeU7O4,https://drive.google.com/file/d/1fl1KfmH2DaQihE9-xTlQ52hoJ4CcPkzs/view?usp=drive_link,2025-06-10T17:59:27.000Z
Browser Agent,I Built the Ultimate Browser Agent with No Code (n8n + Airtop),Nate Herk | AI Automation,https://www.youtube.com/watch?v=ar37oypyATQ,https://drive.google.com/file/d/1tPjnN9OmaaFDN3NOn7jduYqqTOR83nEH/view?usp=drive_link,2025-06-08T23:19:09.000Z
ChatGPT Image Workflow,Connect ChatGPTs New Image Model to n8n (Step-By-Step),Jono Catliff,https://www.youtube.com/watch?v=nGNm4IBZpGg,https://drive.google.com/file/d/1jd3WdfHF1S7d5X53Iwru_T7wFzmrcXtk/view?usp=drive_link,2025-06-07T19:21:36.000Z
Real-Time Insights System,This AI Agent INSTANTLY Pulls Real-Time Insights from X (Bolt + n8n Setup),Mark Kashef,https://www.youtube.com/watch?v=7NIN0KNcVdM,https://drive.google.com/file/d/1PpM0qBBIAMXdWg1-dZbzMzHa2tehbUgw/view?usp=drive_link,2025-06-06T18:00:07.000Z
Prompt Accuracy Flow,Stop Hallucinations: Perfect Your n8n Prompts for Consistent Output,MagicOps AI,https://www.youtube.com/watch?v=1uDXVb7zp0Q,https://drive.google.com/file/d/172WmX3aishmCiM_c_vx0PfGBzH9Z48Vh/view?usp=drive_link,2025-06-05T13:00:03.000Z
SMS AI Agent,How to set-up and build an SMS Ai Agent (free template),Rory Ridgers,https://www.youtube.com/watch?v=_igpx9vXYvA,https://drive.google.com/file/d/1_FgNxEA1lw6tNcMgK8y7BLNmrsgtlvbf/view?usp=drive_link,2025-06-05T11:01:06.000Z
SEO Audit Webapp,Build Web Apps with Firebase Studio + n8n In 30 Mins (Beginner‚Äôs Guide),Jono Catliff,https://www.youtube.com/watch?v=MCRF1914Fxs,https://drive.google.com/file/d/1KpjLcnmTArk39AAkGDw25QWECoMHEWB9/view?usp=drive_link,2025-06-04T23:15:32.000Z
Web Scraper Agent,This AI Agent Can Scrape and Screenshot the Web with No Code (n8n tutorial),Nate Herk | AI Automation,https://www.youtube.com/watch?v=3Pim6uCASSE,https://drive.google.com/file/d/1klYxj1CZI2sLFT_li6sUEJUESn4KIgSi/view?usp=drive_link,2025-06-03T13:30:22.000Z
YouTube Growth Automation,How I 14x‚Äôd My YouTube Channel in 7 Days (AI + n8n Workflow Breakdown),Nolan Harper | Ai Automation,https://www.youtube.com/watch?v=t6iPH93krzY,https://drive.google.com/file/d/1aX49kZzkWZDXayl7uzMmtSfNNOw7J2fk/view?usp=drive_link,2025-05-30T14:38:24.000Z
Lead Qualifier System,This Ai Phone Agent qualifies leads on Autopilot (free template),Rory Ridgers,https://www.youtube.com/watch?v=oU8K3i5KqEc,https://drive.google.com/file/d/1KQpLyRi9HymVoAaI0Pu8beaUZymDybYk/view?usp=drive_link https://drive.google.com/file/d/1kDrPhkIet9UZHxxbDp5CskVcHKP1rJK4/view?usp=drive_link https://drive.google.com/file/d/1DIIb0jkXCJ3L1idDtRt4vfsAnFvv4leq/view?usp=drive_link,2025-05-30T11:01:32.000Z
Google Workspace Setup,"Set Up Google Credentials In n8n In 5 Mins (Gmail, Drive, Sheets & More)",Jono Catliff,https://www.youtube.com/watch?v=H1Kt1adcr84,https://drive.google.com/file/d/1KEGYRGnI2mNleanuyZqkNR5EFbAwo1fU/view?usp=drive_link,2025-05-27T19:22:10.000Z
Viral Baby Videos,I Built an AI SYSTEM For Viral Baby Videos (n8n),Oleg Melnikov,https://www.youtube.com/watch?v=Q7pJcZAPuGc,https://drive.google.com/file/d/1WVWf24E8ZLLMYWJ1BPqRQarLC1htfQS7/view?usp=drive_link,2025-05-27T18:36:55.000Z
Faceless Video Maker,Create Faceless YouTube Videos on Autopilot with AI + n8n (steal this),Jono Catliff,https://www.youtube.com/watch?v=MjZSsasHSq8,https://drive.google.com/file/d/1_rNeNA-OiXTdB_VoK5LYoWRN05FOwdf1/view?usp=drive_link,2025-05-22T18:41:30.000Z
AI Clone Avatar System,Create Your No Code AI Clone (HeyGen + n8n Full Guide),Nate Herk | AI Automation,https://www.youtube.com/watch?v=llm60n03x3c,https://drive.google.com/file/d/1Uu0LdyybOcLnDIT4hLG1HA-nVleaZkJf/view?usp=drive_link,2025-05-20T13:59:47.000Z
Meeting No-show Eliminator,Slash no-shows with this Ai Agent (free template),Rory Ridgers,https://www.youtube.com/watch?v=1kZzPslvbXg,https://drive.google.com/file/d/1vriUXwdVDod16jFjefSJo3A61olAQpo-/view?usp=drive_link,2025-05-20T11:00:05.000Z
Viral Shorts Machine,I Built a 24/7 Viral Shorts Machine with No-Code (free n8n template),Nate Herk | AI Automation,https://www.youtube.com/watch?v=BcfjIBd49C8,https://drive.google.com/file/d/1-znRsMWmFUFbr1lFUjLGr42azzMlxPEz/view?usp=drive_link,2025-05-19T01:24:51.000Z
Voice AI Receptionist,This Vapi AI Voice Agent Automates Your Calls (steal this),Jono Catliff,https://www.youtube.com/watch?v=XeyrdkFhh_U,https://drive.google.com/file/d/18zq0uteI3AbyhZuq7SuXbrWslGmnPAMu/view?usp=drive_link  https://drive.google.com/file/d/1X01k1Ct6l96z51A8bvJOv_ox4rgCZh3W/view?usp=drive_link ,2025-05-16T17:54:25.000Z
AI Copywriter Team,I Built a Team of AI Copywriters in n8n With No Code (Free Template),Nolan Harper | Ai Automation,https://www.youtube.com/watch?v=GoDmjHs7o-M,https://drive.google.com/file/d/1uEXNL2JtSe8iVkGhZ4tHWFZQUJ3IkfsV/view?usp=drive_link  https://drive.google.com/file/d/1TR72fSRmRKm9b710pKQ2tNC7EwA9K_Ac/view?usp=drive_link ,2025-05-16T16:06:38.000Z
Scraping Automation,The Simplest Way to Automate Scraping Anything with No Code (Apify + n8n tutorial),Nate Herk | AI Automation,https://www.youtube.com/watch?v=gZ_RLC25gCw,https://drive.google.com/file/d/14es-gxH7oZykRPnrgbdEeIK-ECCcY5Xa/view?usp=drive_link,2025-05-16T15:23:10.000Z
Viral LinkedIn Posts,I Built an AI SYSTEM For Viral LinkedIn Posts (n8n),Oleg Melnikov,https://www.youtube.com/watch?v=YpXzTSZ6csw,https://drive.google.com/file/d/1rWO0ZJ76Sa2hmrXQVQY58n4IaM0e884f/view?usp=drive_link,2025-05-16T13:17:35.000Z
Chat File Agent,NEW AI Agent - Chat with YOUR files from Supabase and Google Drive,5minAI,https://www.youtube.com/watch?v=NB6LhvObiL4,https://drive.google.com/file/d/1Wd0kKcOyL84zjePOUnkJAKZVt5rlQ4pR/view?usp=drive_link,2025-05-15T16:16:03.000Z
Website Data Scraper,Scrape ANY Website Automatically with n8n + Apify (Full System Breakdown),Jono Catliff,https://www.youtube.com/watch?v=PxQwzoPmP3M,https://drive.google.com/file/d/1KUXLIeeWbxR41E43sGWQFwb_w0aLmulE/view?usp=drive_link,2025-05-15T01:17:07.000Z
Multi-Agent Research,This Multi-Agent system can research ANYTHING (free n8n template),Rory Ridgers,https://www.youtube.com/watch?v=ciogxooQelQ,https://drive.google.com/file/d/19csBF7f40IvE-Q0KQSqCul2JjgHLoZ9H/view?usp=drive_link  https://drive.google.com/file/d/1xD6RrWEkAynJo3Ci9UpLocep7o4hMtGl/view?usp=drive_link  https://drive.google.com/file/d/1CmJykI1mb04Mk33-bS0aPWleIUOZo49G/view?usp=drive_link  https://drive.google.com/file/d/1VFzm_9-xTxNnzlptbosBKSJ4fLbrGoaW/view?usp=drive_link  https://drive.google.com/file/d/14p9y2B0KnOFJqnMWdkFmzZEJFZc2hWdk/view?usp=drive_link  https://drive.google.com/file/d/1PN61vp11bwnwVetjn7W1jiAeJyCvtHUw/view?usp=drive_link  https://drive.google.com/file/d/1FLTlUWdrBHZT397R_627Tmz9zfzPfaK3/view?usp=drive_link  https://drive.google.com/file/d/1cCXjoIt3Q3HNhJBYhblMihm1_JYDaXEL/view?usp=drive_link,2025-05-12T11:01:00.000Z
AI Agent Blueprint,Give Me 28 Minutes and I'll Completely Change the Way You Build AI Agents,Cole Medin,https://www.youtube.com/watch?v=TV8SyEuSMIA,https://drive.google.com/file/d/1fzLIcpW45xlkY6zVpDcs4Qk8wGPEWGF0/view?usp=drive_link  https://drive.google.com/file/d/1op5NDt8lE19Y_q1I_8226a72EkPwgBuN/view?usp=drive_link ,2025-05-12T00:00:33.000Z
Faceless Shorts Workflow,This AI System Creates & Posts Faceless Shorts 24/7 (free n8n template),Nate Herk | AI Automation,https://www.youtube.com/watch?v=jkEEVYFzT1U,https://drive.google.com/file/d/1XwPsOnmdx-ZJ1whhRBrCzuPIx2KwOIjK/view?usp=drive_link,2025-05-11T14:30:19.000Z
API Agents Workflow,APIs for AI Agents: The Only Beginner‚Äôs Guide You‚Äôll Ever Need (n8n),Nate Herk | AI Automation,https://www.youtube.com/watch?v=qZkX_gIlwsY,https://drive.google.com/file/d/1hXgATSqAxf_J62Qgm0XdkgQAm_jeE_R6/view?usp=drive_link,2025-05-10T14:12:06.000Z
24/7 AI Sales Assistant,I Built a 24/7 AI Sales Assistant (Free Download Inside),Nolan Harper | Ai Automation,https://www.youtube.com/watch?v=1XPu71Hw_ck,https://drive.google.com/file/d/1S9X2BA_VdqYU8WuCV_ScQTlL-7HVLUXm/view?usp=drive_link,2025-05-09T20:58:42.000Z
Human-In-The-Loop Automation,The Secret to Making AI Agents 100% Reliable - Human in the Loop (n8n),Nate Herk | AI Automation,https://www.youtube.com/watch?v=CdnR-fNVPKI,https://drive.google.com/file/d/1f5W6h6lIphgulyZwwcuhKqSQzFCtE0P8/view?usp=drive_link,2025-05-08T23:59:04.000Z
Contextual RAG,The EASIEST Possible Strategy for Accurate RAG (Step by Step Guide),Cole Medin,https://www.youtube.com/watch?v=z_LGan-t2Mo,https://drive.google.com/file/d/1Reoo3rAtAujEFVusHNbReSVE67CZuoFq/view?usp=drive_link  https://drive.google.com/file/d/1nGKHGNI94SkBdY5iS0zI4V1WfYAqfpRK/view?usp=drive_link  https://drive.google.com/file/d/1oy8QHnbYx8IkBXuyf1F3LvmYlREm_yYA/view?usp=drive_link  https://drive.google.com/file/d/1yebfm_KFgJnCctuT4hyq3G4EZ_qXFQkq/view?usp=drive_link ,2025-05-08T00:00:55.000Z
LinkedIn Lead Automation,Hijack Viral LinkedIn Posts (No Cold DMs),MagicOps AI,https://www.youtube.com/watch?v=JftnNwvagKA,https://drive.google.com/file/d/1eg3xhPiyj_95ipMDgf4om9T-HWMysO18/view?usp=drive_link,2025-05-06T13:15:03.000Z
AI Content Idea Generator,"1,200+ Content Ideas Per Day with AI (Free Template)",Nolan Harper | Ai Automation,https://www.youtube.com/watch?v=Xno2IGHfSDo,https://drive.google.com/file/d/1bLDkLPbiK11yjYvcUWxLTVGZZyiHg2gM/view?usp=drive_link,2025-05-05T16:00:59.000Z
Deep Cold Email Outreach,I Deep-Personalized 1000+ Cold Emails Using THIS AI System (FREE TEMPLATE),Nick Saraev,https://www.youtube.com/watch?v=oAWe5wFwHlo,https://drive.google.com/file/d/1mEJe6n3ohryVRm58sCBqfO5kyh-r49fb/view?usp=drive_link,2025-05-05T07:11:46.000Z
Marketing Automation Agent,This marketing agent automates EVERYTHING (free n8n template),Rory Ridgers,https://www.youtube.com/watch?v=7TUPVDIcD3k,https://drive.google.com/file/d/1pLK1tuB8EOPLEeGIshFrlXGJFffduwVx/view?usp=drive_link,2025-05-04T20:36:54.000Z
Agent Tracking System,How I Auto Track AI Agent Actions and Token Usage (n8n tutorial),Nate Herk | AI Automation,https://www.youtube.com/watch?v=vVdS-ZEFf50,https://drive.google.com/file/d/10WibhA7rvZoFvyS3ywOK9xy9dRJvXK_p/view?usp=drive_link,2025-05-03T18:51:28.000Z
Carousel & Slides Automation,This n8n AI Agent will AUTOMATE your Carousels and Slideshows üçÑ,Sabrina Ramonov üçÑ,https://www.youtube.com/watch?v=Ev3xBsldyBk,https://drive.google.com/file/d/1ScC7DzKkVN8nLUzBuf7gNedagumbCXne/view?usp=drive_link,2025-05-03T18:10:35.000Z
Proposal Generator,My $27K/m Ai Proposal System in n8n (Free Template),Nolan Harper | Ai Automation,https://www.youtube.com/watch?v=FTaTMj0u0II,https://drive.google.com/file/d/1RFt5KLTFdzjIuhCWJ3SsxVMFNYK2Voi5/view?usp=drive_link,2025-05-02T17:25:04.000Z
Google Map Scraper,Scrape Unlimited Leads WITHOUT Paying for APIs (99% FREE),Nick Saraev,https://www.youtube.com/watch?v=OroDNJl-pyc,https://drive.google.com/file/d/1Kxsl2-sbZGKPqY_X2nluN6aujuTqbcux/view?usp=drive_link,2025-05-01T03:13:25.000Z
Dynamic AI Agent Workflow,"This AI Agent Picks Its Own Brain (10x Cheaper, n8n)",Nate Herk | AI Automation,https://www.youtube.com/watch?v=gwCQF--cARA,https://drive.google.com/file/d/1bI39O_RM8Kq7F0zfWALQdW6DjITh6m3w/view?usp=drive_link,2025-04-30T18:54:47.000Z
LeadGen Outreach,Automate Lead Generation and Email Personalization in Minutes with n8n! (Free Template),Mahmut Kasimoglu | AI Automation,https://www.youtube.com/watch?v=ZD2DlnuqCrA,https://drive.google.com/file/d/1ENxEyIhlHwtUCq5zyrCw6lDTFjksFlcz/view?usp=drive_link,2025-04-28T19:48:04.000Z
Product Videography,How I Automated Product Videography with AI (Step by Step n8n Tutorial),Nate Herk | AI Automation,https://www.youtube.com/watch?v=qV7xOEKEBDA,https://drive.google.com/file/d/1jtRDbCceuf1h6J52kU7lZJS8q1LKHusP/view?usp=drive_link,2025-04-28T18:56:18.000Z
Cold Email Automation,"AI System Writes 10,000+ Personalized Cold Emails (Free Template)",Nolan Harper | Ai Automation,https://www.youtube.com/watch?v=2Utdn12JSK4,https://drive.google.com/file/d/1SzkKEMV6mdMLltG_ZA7W0lT2lng7pszn/view?usp=drive_link,2025-04-28T17:18:16.000Z
Lovable Web App Builder,This Lovable + n8n Hack Builds Web Apps FOR You In Minutes (No Coding),Jono Catliff,https://www.youtube.com/watch?v=i08K-l8pjfs,https://drive.google.com/file/d/1g1By_B5MBr1R7KDdHvN4NHAaf9Ysmi8g/view?usp=drive_link,2025-04-28T17:05:23.000Z
Marketing AI Team,I Built a Marketing Team with 1 AI Agent and No Code (free n8n template),Nate Herk | AI Automation,https://www.youtube.com/watch?v=ldETapkr8Hg,https://drive.google.com/file/d/1a9FskKLV_AgxUNPgb_CUOLKke97Ox3Sx/view?usp=drive_link https://drive.google.com/file/d/1WEWSJJZmMCg_Ii4U2I0fO-2xJwil_bVL/view?usp=drive_link https://drive.google.com/file/d/171-HNdf_RkGeVTZQppEANBzjRT8f42Ij/view?usp=drive_link https://drive.google.com/file/d/152aOdjNfmL--KpXTFj1m5Bw-mQkLI8N3/view?usp=drive_link https://drive.google.com/file/d/1yT36iHGZKk0mYLVvLnEgFDE87Tcr3Ore/view?usp=drive_link https://drive.google.com/file/d/1dN1KqlBJZsps_ww5sH2oSvl420AtjYY7/view?usp=drive_link https://drive.google.com/file/d/11OdlUx1lpDR57BFgWKRl0Nq795Au7f4b/view?usp=drive_link ,2025-04-26T19:39:40.000Z
Faceless Video AI,This EASY AI Agent System Creates Faceless Videos on Auto Pilot! (Free n8n and Make templates üçÑ),Sabrina Ramonov üçÑ,https://www.youtube.com/watch?v=0qf0blCB4Mc,https://drive.google.com/file/d/1OcC7yl7UGsEJbK2Sty0GiNxKAX0jlJX4/view?usp=drive_link  https://drive.google.com/file/d/1q6rJa6kudBtTTxeZKfwRT_F2PcTHGONa/view?usp=drive_link ,2025-04-26T16:34:07.000Z
Image Creation and Editing System,This n8n Agent Creates & Edits Images with OpenAI‚Äôs New Image API,Mark Kashef,https://www.youtube.com/watch?v=YqEtFVAV7M8,https://drive.google.com/file/d/1-J4bR_Xx6v_eBNqLV9-dEMNf4b9qz1p2/view?usp=drive_link  https://drive.google.com/file/d/1ZPOll5ZvYVvir_84JZSaSDtWwi6nn0zr/view?usp=drive_link  https://drive.google.com/file/d/1-3_hYyaIYBZPDdLkaTVVTM4-H4Yg75ll/view?usp=drive_link  https://drive.google.com/file/d/1P1fq0hB2v2156GqlX7DEevxXkrvDOaff/view?usp=drive_link ,2025-04-25T18:03:51.000Z
Viral Shorts Automation,I Built an AI SYSTEM For Viral Faceless Shorts (n8n),Oleg Melnikov,https://www.youtube.com/watch?v=oMcLgseGER0,https://drive.google.com/file/d/1tKfWJp_sYJkF-evhwWfJ8PZtgKIKBfqV/view?usp=drive_link,2025-04-25T12:48:27.000Z
ChatGPT Automation System,This ChatGPT SECRET Automates Nearly Everything (connect 10K+ apps with n8n),Jono Catliff,https://www.youtube.com/watch?v=YcDLVPYIRSA,https://drive.google.com/file/d/1u7pLhTuXyh_wVFpzNMyj5n3JVEgN9lF8/view?usp=drive_link,2025-04-25T00:27:19.000Z
AI Image Automation,Use OpenAI‚Äôs NEW Image Generation API with n8n to create stunning images (Step by Step Tutorial),MagicOps AI,https://www.youtube.com/watch?v=SAUxo5fcLMs,https://drive.google.com/file/d/1t4D_qE2hlc-ao6Fi0U2Zo1L3UvLwWgA8/view?usp=drive_link,2025-04-24T13:00:31.000Z
Customer Support Automation,Build a No-Code AI Customer Support System That ACTUALLY Works,Ben AI,https://www.youtube.com/watch?v=mJwZPK2A7cM,https://drive.google.com/file/d/1VVhH-po9vp3OWewlxNAuCNWnAZQD1Dmi/view?usp=drive_link,2025-04-24T05:32:46.000Z
LinkedIn Visual Automation,"OpenAI's Image API Just Changed the Game (save 10+ hours/week, n8n tutorial)",Nate Herk | AI Automation,https://www.youtube.com/watch?v=ACkHpQQnfxQ,https://drive.google.com/file/d/1dbB79dIiKGkotbZcPNVk4pNPoczN_vnj/view?usp=drive_link,2025-04-23T23:56:03.000Z
Job Search Automation,Automate Your Job Search With LinkedIn & n8n,Jono Catliff,https://www.youtube.com/watch?v=dYNFqM84pSI,https://drive.google.com/file/d/1wwXndI5OydELz4rpFW4V_-Tax-y3mmir/view?usp=drive_link,2025-04-23T13:00:03.000Z
Inbox Automation,Automate Your Inbox With n8n (No Code),Nolan Harper | Ai Automation,https://www.youtube.com/watch?v=UDXDcFwAPQU,https://drive.google.com/file/d/17OYXI08wdcgIWDf-WqJ_v-V9AHRqBMrP/view?usp=drive_link,2025-04-21T17:00:38.000Z
Error Logger Workflow,One n8n Workflow for Unlimited Error Handling (Step-by-Step),Nate Herk | AI Automation,https://www.youtube.com/watch?v=bTF3tACqPRU,https://drive.google.com/file/d/1_EF3ESE9zRSrFNVgMwhMcTm23JwYzWLW/view?usp=drive_link,2025-04-20T16:52:54.000Z
Think Tool Agent,n8n Just Dropped a Game-Changing Tool for AI Agents ‚Äî Inspired by Anthropic!,Mahmut Kasimoglu | AI Automation,https://www.youtube.com/watch?v=MPyQWs8dOpI,https://drive.google.com/file/d/1SNpBbNphUAmjSJRDEdJ-YO_VTkoMGJ2A/view?usp=drive_link,2025-04-19T17:23:22.000Z
Meta Ad Automation,How we Automated a Meta Ad Agency with AI,Ben AI,https://www.youtube.com/watch?v=Rm3ObJXsuOI,https://drive.google.com/file/d/1mkQLWY1YS59RNuFR7Q8d-GKwk34FlwQz/view?usp=drive_link,2025-04-19T06:21:26.000Z
Automated Hiring Workflow,How I Automated the Entire Hiring Process with n8n,Jono Catliff,https://www.youtube.com/watch?v=dBTrOcWkYM0,https://drive.google.com/file/d/1qm916r1TGLBihsGOGJRMx_asQVyiKprd/view?usp=drive_link,2025-04-18T23:40:40.000Z
Email & Complaint Automation,Don‚Äôt Build Another AI Agent Until You Understand This: AI Agents vs AI¬†Workflows¬†~¬†n8n,Mahmut Kasimoglu | AI Automation,https://www.youtube.com/watch?v=nQbd56j_dZ0,https://drive.google.com/file/d/1TDMcJcOcdzCXNFv-_T-CBNzLWli14SDD/view?usp=drive_link,2025-04-18T20:21:05.000Z
MCP Integration,n8n Just Released MCP - Is It The Future of AI & No Code?,Jono Catliff,https://www.youtube.com/watch?v=Nw0v1-24x5w,https://drive.google.com/file/d/1a32FZaRDmUr8f8ah63rpl2z0cn0atbTn/view?usp=drive_link  https://drive.google.com/file/d/1PtaM-y2dzyD2JzhTecr9hNI0Q1QtwXV_/view?usp=drive_link ,2025-04-18T00:39:56.000Z
AI Think Agent System,n8n Just Leveled Up AI Agents (Anthropic's Think Method),Nate Herk | AI Automation,https://www.youtube.com/watch?v=WqyLxyALTt0,https://drive.google.com/file/d/1zCMh9PYMXoWbEntB6Oq00IlMgmZQ6B2Z/view?usp=drive_link,2025-04-17T01:24:11.000Z
WhatsApp AI Agent,How to add AI Agents to WhatsApp using n8n (Step-by-Step Guide),Leon van Zyl,https://www.youtube.com/watch?v=LekI91ISf_8,https://drive.google.com/file/d/1qp0uJFG9h6Ps6mHWqhdIbdweg6gdJKWZ/view?usp=drive_link,2025-04-16T13:57:52.000Z
Claude MCP Content Automation,"Automate Anything With Claude MCP Workflows, Here's how:",Ben AI,https://www.youtube.com/watch?v=_je0FbUcFkg,https://drive.google.com/file/d/1gow-LHalspkMCuQCI7xp580C4LbTThbx/view?usp=drive_link  https://drive.google.com/file/d/1uqYk4jyWDpcSeUbeWO0JnqYEnvqeDQs8/view?usp=drive_link  https://drive.google.com/file/d/1OBNRFIscIzI16NscMGZk259fYCXbOmZ5/view?usp=drive_link ,2025-04-16T07:41:58.000Z
Social Media Scraper,Steal This AI Post Scraper (Free n8n Build),Nolan Harper | Ai Automation,https://www.youtube.com/watch?v=fhxqdoP7ivE,https://drive.google.com/file/d/14m6BvV1jlPb5_Esv_CRCfM9K3bDmCc3M/view?usp=drive_link,2025-04-14T17:00:49.000Z
Invoice Tracker,Automate Invoice and Expense Tracking with Gemini | BULLETPROOF!,MagicOps AI,https://www.youtube.com/watch?v=j9_gps_ZZNU,https://drive.google.com/file/d/1uEbC2YozSiDhGH2v_o8LgpLmJGdq1U_Z/view?usp=drive_link,2025-04-14T13:39:13.000Z
Website Extractor,Turn Any Website Into LLM Ready Data in Seconds with n8n & Firecrawl,Nate Herk | AI Automation,https://www.youtube.com/watch?v=Ee9WtEEd300,https://drive.google.com/file/d/1a5dDs4QXa4e7aCt7QErpadewvHBB7Pm_/view?usp=drive_link,2025-04-13T17:12:58.000Z
AI Avatar Social Automation,This n8n AI Agent Avatar will AUTOMATE your Social Media,Sabrina Ramonov üçÑ,https://www.youtube.com/watch?v=8sPYxqU1SoQ,https://drive.google.com/file/d/1b8ItsS54kg-SS1vJNUbeImKM-qFRzhhd/view?usp=drive_link,2025-04-12T17:28:07.000Z
LinkedIn AI Agent,I Built an AI Agent For VIRAL LinkedIn Posts (n8n),Oleg Melnikov,https://www.youtube.com/watch?v=GmlQZ8MG7HY,https://drive.google.com/file/d/16Pw1GwO7NnhO_Rcs4oXVcBvcC4S-3sYG/view?usp=drive_link,2025-04-12T14:41:09.000Z
Automated Sales Agents,How to build an army of Ai Sales Agents (automate 70% of your sales processes),Rory Ridgers,https://www.youtube.com/watch?v=1MzQkN6C5D0,https://drive.google.com/file/d/1ESCFq9730iouuEIyoqXX-vGrstlhpe23/view?usp=drive_link  https://drive.google.com/file/d/1kcKN0RkPGPcA40HgLABg1myNng9rMTkL/view?usp=drive_link ,2025-04-12T12:00:05.000Z
Claude MCP Agent,Build A Claude MCP Agent That Does Everything!,Ben AI,https://www.youtube.com/watch?v=bATMtzNoap4,https://drive.google.com/file/d/1u-9TkM8UVl7Pu6kgw9caeL9228pGYOhZ/view?usp=drive_link  https://drive.google.com/file/d/1L7hxkZbSOZA9vOULhnkWF-fPs6zfYmp6/view?usp=drive_link ,2025-04-12T08:22:06.000Z
9-Platform Social Poster,n8n Agent Posts to 9 Social Platforms Hourly!,Sabrina Ramonov üçÑ,https://www.youtube.com/watch?v=D9okDd_1tBI,https://drive.google.com/file/d/1UogWtgWOqfpD21SqneurX7KCp2y2fQTq/view?usp=drive_link,2025-04-11T23:55:43.000Z
Chat Agent UI Integration,Build a ChatGPT Style App for Your n8n AI Agents in MINUTES,Cole Medin,https://www.youtube.com/watch?v=6zn8vVTeFE0,https://drive.google.com/file/d/1wf7GoW7w6KIETiLGdVMBtzAH98kisXhT/view?usp=drive_link,2025-04-10T00:00:05.000Z
Crawl4AI Scraper,Scrape ANY Website for FREE with Crawl4AI + n8n (No Code),Mahmut Kasimoglu | AI Automation,https://www.youtube.com/watch?v=1CDGpbZItiY,https://drive.google.com/file/d/1qVgaZbTZdlcL3Ceg4PBoTZ-ONMzujWa8/view?usp=drive_link,2025-04-09T12:28:33.000Z
Omnichannel Sales Agent,This AI Agent Automates Your Sales on ALL Social Media (+MCP),Ben AI,https://www.youtube.com/watch?v=VnbfsX7iBl4,https://drive.google.com/file/d/15MLlSCnjMWm9Vdlw_WjTynJlPQWAladL/view?usp=drive_link  https://drive.google.com/file/d/1P9jtemW1psUoWGSc6UuAnrn06X-Wa81M/view?usp=drive_link  https://drive.google.com/file/d/1j4IfpgXVACXtqIpu_GwZHSFBTmv8Dfl1/view?usp=drive_link  https://drive.google.com/file/d/1c5dzocUh9IC5bQwqKwJCo6ZZ2mjYRtqZ/view?usp=drive_link ,2025-04-09T06:42:57.000Z
Sheets Dashboard Automation,How I Create Custom n8n Dashboards To Automate Anything (Google Sheets),Jono Catliff,https://www.youtube.com/watch?v=Mw9AIejD39s,https://drive.google.com/file/d/107ZLDb3F765CYbQyhL-2fnFzy6A0Bo2k/view?usp=drive_link  https://drive.google.com/file/d/1wfnGidoUbiXdIbp1zCMsROrIFO4eO2lH/view?usp=drive_link ,2025-04-09T01:00:03.000Z
LinkedIn Content Creator,3 AI Workflows Step-by-Step (Beginner's Guide to n8n),Nate Herk | AI Automation,https://www.youtube.com/watch?v=06Beyp_iDL0,https://drive.google.com/file/d/1yf2ncloV_YSoO6W5KkZR5jo247V8aeBO/view?usp=drive_link  https://drive.google.com/file/d/1pbHvDIEz6WXkZ4dqOeSN4JlP_ZCAB3H5/view?usp=drive_link  https://drive.google.com/file/d/18Cc9YhwEYPGmd26EkveKp1gkLJSdHLf6/view?usp=drive_link,2025-04-07T13:42:58.000Z
Sales Lead Automation,How I Increased Sales By 391% With One Change (Steal It),Jono Catliff,https://www.youtube.com/watch?v=PWLVWhMh7og,https://drive.google.com/file/d/1SvKBdfK6klqkqDYlrAA4N7UNV1zWHzBg/view?usp=drive_link,2025-04-06T14:04:40.000Z
Viral TikTok System,I Built an AI SYSTEM for Viral TikToks (n8n Tutorial),Oleg Melnikov,https://www.youtube.com/watch?v=OSpw9AY1fJI,https://drive.google.com/file/d/13k2MOqI2BCgWTWPwOWNSAddGxlvRarlK/view?usp=drive_link,2025-04-05T18:44:01.000Z
Invoice OCR Workflow,Extract Text From Images & PDFs Using AI (n8n tutorial),Jono Catliff,https://www.youtube.com/watch?v=ZXF9FcN11DI,https://drive.google.com/file/d/1WVAtOzI_nFxYrRydcCxfnvAjC3GPrjW_/view?usp=drive_link  https://drive.google.com/file/d/1Fj-c9hW_35vvc9yWZaB1cN1RGRkPcsK4/view?usp=drive_link  https://drive.google.com/file/d/1REw9bSrAbFom_oArN7t-HR6cxL4j4N6Y/view?usp=drive_link ,2025-04-05T16:26:06.000Z
CRM Data Automation,AI AUTOMATES Your CRM Updates!,MagicOps AI,https://www.youtube.com/watch?v=_oNrsL0GJBw,https://drive.google.com/file/d/1LVW2SP7kXj_hgJYa8fg5XdGOr-osibcd/view?usp=drive_link  https://drive.google.com/file/d/1tKbZgm_YFmXSX3IGYtuAvg38FE9yJl3t/view?usp=drive_link ,2025-04-04T13:17:24.000Z
Long Form Video System,How I 100% Automated Long Form Content with n8n (free template),Nate Herk | AI Automation,https://www.youtube.com/watch?v=lF2bvXoV-Zg,https://drive.google.com/file/d/1RsonZRI1buGbXwzJcly7VWt427gP339W/view?usp=drive_link,2025-04-03T16:13:28.000Z
Lovable Excuse Generator,Build Anything with Lovable + n8n AI Agents (beginner's guide),Nate Herk | AI Automation,https://www.youtube.com/watch?v=kUpTUEwKnrk,https://drive.google.com/file/d/1XjUrc-qvfVdOsUwltlru6_usqEYFJClN/view?usp=drive_link,2025-04-02T02:35:03.000Z
LinkedIn DM System,Build This Automated AI LinkedIn DM System in 1 Hour (N8N),Nick Saraev,https://www.youtube.com/watch?v=gsPGdq2C97c,https://drive.google.com/file/d/1587u1Up2vB5nQ8AeHMvXmqzOZ3lHbynB/view?usp=drive_link,2025-04-02T02:16:06.000Z
Gemini Media Analyzer,"Analyze any Video, Image or PDF with Gemini and n8n (Step-by-Step)",MagicOps AI,https://www.youtube.com/watch?v=OWJKGkPEGSw,https://drive.google.com/file/d/1IpgIE8XTSjCBDWqlwdp93HPGU7Iq_6YE/view?usp=drive_link,2025-04-01T13:17:33.000Z
Prompt Engineer Agent,How to Build Your PERSONAL Prompt Engineer Agent with n8n (for any model!),Mark Kashef,https://www.youtube.com/watch?v=c-NdrhFbUxY,https://drive.google.com/file/d/1NyFafJnrtUi7TOVLscPU_b8RS56M2U2X/view?usp=drive_link  https://drive.google.com/file/d/1VOR6we1twlcOK6KqdBVKymZ1rdPieMjW/view?usp=drive_link  https://drive.google.com/file/d/12Lyb9rlIbrWBk69QE7VGIDtNsRoAu4YJ/view?usp=drive_link  https://drive.google.com/file/d/13oEa3bVH2l3Q0FX6dMGwXOWCB_PiufVk/view?usp=drive_link  https://drive.google.com/file/d/1Xv2Rc0Mr2KsX1PqydpGPcvSLVY2cgxxG/view?usp=drive_link ,2025-03-31T19:57:49.000Z
AI PDF Research Report,Research ANYTHING and Get a PDF Report (free n8n template),Nate Herk | AI Automation,https://www.youtube.com/watch?v=TeFCb5-4e5U,https://drive.google.com/file/d/1ywEBz6UjLDv68uB2t4colnqmOrykwjMe/view?usp=drive_link,2025-03-30T21:07:44.000Z
Voice Clone Agent,I Just Built An AI Agent Clone Of Myself (n8n),Jono Catliff,https://www.youtube.com/watch?v=QQLEnVCHB1I,https://drive.google.com/file/d/1ZNShy_DlSB4vhhK-MK_ZxLN3eLoTJWHU/view?usp=drive_link,2025-03-29T16:33:08.000Z
Support Email AI Workflow,We're All Using AI Agents Wrong.,Nate Herk | AI Automation,https://www.youtube.com/watch?v=HuTyZiUDz2k,https://drive.google.com/file/d/1J2xOp3hobZ2AjlkMaRzTdgSqb_U73dVe/view?usp=drive_link  https://drive.google.com/file/d/1ZxZJWKeLwDtrINECXwrECI8-9H94aNzZ/view?usp=drive_link ,2025-03-27T20:15:32.000Z
Multi-Agent Supervisor System,Don't Build Another AI Agent Until You See This: Langchain‚Äôs Multi Agent Architecture ~ n8n,Mahmut Kasimoglu | AI Automation,https://www.youtube.com/watch?v=Ah-1-Lda4DU,https://drive.google.com/file/d/1Z_RSpNhoAA06YMtuzUb-jcDEkC8xU6_9/view?usp=drive_link,2025-03-26T18:52:50.000Z
TikTok Viral Scraper,Want Viral TikTok Videos? Copy This AI System Now | N8N Tutorial,MagicOps AI,https://www.youtube.com/watch?v=IWUy79cSp60,https://drive.google.com/file/d/1SlrxzebxsPoE5hWiZj2gjnalItYBrf6v/view?usp=drive_link,2025-03-26T13:57:12.000Z
Document OCR Automation,Understand ANY Document with Mistral OCR in n8n (Step-by-Step),Nate Herk | AI Automation,https://www.youtube.com/watch?v=85qo6qC4r-0,https://drive.google.com/file/d/1LGe7nJeBrarMK7yxFf9676LAZ2-z0YEJ/view?usp=drive_link,2025-03-25T18:43:27.000Z
Jarvis Assistant,"How I Built JARVIS with No Code (Tutorial w/ Lovable, ElevenLabs, n8n)",Nate Herk | AI Automation,https://www.youtube.com/watch?v=KUvSzvFeZls,https://drive.google.com/file/d/1kDObptC2SpkViCPxI7ajFP7phBm-7M6t/view?usp=drive_link  https://drive.google.com/file/d/11kmVhQxb9nFV0PJr-C_RyFg1ZNjaIEL4/view?usp=drive_link  https://drive.google.com/file/d/1GJLNj5MiPjG_u1eXEIKtUWtfLAKvD9ov/view?usp=drive_link  https://drive.google.com/file/d/1BfHwX2aKv9FXbbGoEuZxD_WTBDvK6x8G/view?usp=drive_link  https://drive.google.com/file/d/1TqY55BSuEycBfXC9QjL9aEFHwng3IU2T/view?usp=drive_link ,2025-03-23T19:37:30.000Z
Airbnb MCP Agent Workflow,This feature makes building AI Agents 10x easier (MCP server setup),Rory Ridgers,https://www.youtube.com/watch?v=QnPlb0VCcpE,https://drive.google.com/file/d/1Tw5tliKKpVYFH-NCkNAM9cTcGxd3jvWg/view?usp=drive_link  https://drive.google.com/file/d/1NY2e1K1G5KoByQ3nR9N0n85F5T8LIKqI/view?usp=drive_link  https://drive.google.com/file/d/18v98uQ-QkCkovMpLdb-6YpJ99vUw9ar8/view?usp=drive_link,2025-03-20T21:07:28.000Z
MCP AI Agent Workflow,Claude MCP has Changed AI Forever - Here's What You NEED to Know,Cole Medin,https://www.youtube.com/watch?v=v_6EXt6T83I,https://drive.google.com/file/d/1PdCrvv2Tt-uEGTcuBmu69O2jLpKyOrp-/view?usp=drive_link  https://drive.google.com/file/d/1yqXLc318sICay3sCahk_rQGzYOaX_jrt/view?usp=drive_link  https://drive.google.com/file/d/1NjvaiT-uQXR2pV8pPbwezmbZWOb8_YAC/view?usp=drive_link ,2025-03-20T00:00:48.000Z
Resume Screener,This AI Resume Screener Will Change How You Hire Forever!,Mahmut Kasimoglu | AI Automation,https://www.youtube.com/watch?v=lGnsQ3qWUmk,https://drive.google.com/file/d/1MSG1DN458vUafEhYZH30eEHotJsy2e1B/view?usp=drive_link,2025-03-18T22:13:21.000Z
MCP Workflow Setup,"Ultimate No Code MCP Setup Guide (Self-Host, Installation, Common Issues)",Nate Herk | AI Automation,https://www.youtube.com/watch?v=OUPW4DJMAsA,https://drive.google.com/file/d/1D2_NfUDEWV7UIxUBci_7CR6kKlfwL-T9/view?usp=drive_link,2025-03-17T22:03:48.000Z
Website Chatbot,Add ChatGPT To Your Website In Minutes (n8n AI Chatbot),Jono Catliff,https://www.youtube.com/watch?v=4VD-6dFQJsk,https://drive.google.com/file/d/1cGgIf2-fYp11MV5d3FhDSUuD1bgwCe5_/view?usp=drive_link  https://drive.google.com/file/d/1TeG1KpLru6o0b7CK78lmKECIpfNl3t4y/view?usp=drive_link ,2025-03-16T16:13:31.000Z
Twitter Data Scraper,How to Actually Scrape Twitter/X Data with n8n,Nate Herk | AI Automation,https://www.youtube.com/watch?v=lEo7IAgj0UY,https://drive.google.com/file/d/1Zg5rvw2q9PV437VzxjAhLp7eWrHM9YqD/view?usp=drive_link,2025-03-15T01:37:17.000Z
Scraper Agent,This n8n Agent can scrape ANYTHING (no code),Rory Ridgers,https://www.youtube.com/watch?v=TDB-St0V5vM,https://drive.google.com/file/d/1LuHzN-7UETUS2XeIR5KLort05KV1UXEm/view?usp=drive_link  https://drive.google.com/file/d/1IpqzqaQTf2ublU2SiuLsqlpsyrQ3-X_j/view?usp=drive_link  https://drive.google.com/file/d/1nPKpOw4bYc37MR4ItNb7MqVEaCsDtYeZ/view?usp=drive_link ,2025-03-14T18:58:09.000Z
Local AI Cloud Deployment,Create Your Own Private Local AI Cloud Stack in Under 20 Minutes,Cole Medin,https://www.youtube.com/watch?v=hKrl5Gr7hM0,https://drive.google.com/file/d/1s94exFWhqQeFSxvvNPsm9i12LwpyVdLD/view?usp=drive_link,2025-03-13T00:00:40.000Z
Faceless Shorts Automation,How I Automated Faceless Shorts with AI in n8n (free template),Nate Herk | AI Automation,https://www.youtube.com/watch?v=Gc03J27xmBc,https://drive.google.com/file/d/1kaelJeo5Th8d_gW43NmlFq4JBFSvzWd-/view?usp=drive_link,2025-03-12T05:28:07.000Z
AI Fine-Tuning Workflow,How to Fine-Tune Models the EASY WAY Using ChatGPT & n8n (No Code),Mark Kashef,https://www.youtube.com/watch?v=dvksJK8TTQE,https://drive.google.com/file/d/1N1G-pzAC_eHMZlLIc2yA_8kaTRj1Yt2k/view?usp=drive_link  https://drive.google.com/file/d/1kmwq2z0gSt0THfu7gaJkAn5OP1Pk_JxZ/view?usp=drive_link ,2025-03-10T20:37:56.000Z
Agentic RAG Workflow,Store All Data Types with Agentic RAG in n8n,Nate Herk | AI Automation,https://www.youtube.com/watch?v=BhGaGFH0jR4,https://drive.google.com/file/d/1Vw3_4cDrwjTSN3pEpZ14EKntDdOJGZ0D/view?usp=drive_link,2025-03-08T20:04:37.000Z
Viral Content AI,I Built an AI SYSTEM For Viral Content (n8n Tutorial),Oleg Melnikov,https://www.youtube.com/watch?v=zEzcwjZf7c8,https://drive.google.com/file/d/17qrwc62-4CH6SfjD4-PORhcmpjWbVwgE/view?usp=drive_link,2025-03-06T04:41:32.000Z
Local AI RAG Agent,The ULTIMATE n8n RAG AI Agent Template - Local AI Edition,Cole Medin,https://www.youtube.com/watch?v=T2QWhXpnT5I,https://drive.google.com/file/d/152Q2fgzduqmE1EpjadZu8WkwGtLtcYrU/view?usp=drive_link,2025-03-06T01:00:18.000Z
Google Sheets Automation,Google Sheets on Autopilot: 11 Insane n8n Automation Hacks,Jono Catliff,https://www.youtube.com/watch?v=c8D1PP2erbo,https://drive.google.com/file/d/1FrH_-Qenv9ZaIQ3A7T-MAfqhAu-JEQwD/view?usp=drive_link,2025-03-03T20:13:50.000Z
Outlook Inbox Manager,"How to Build an Outlook Inbox Manager in n8n (Step-by-Step, No Code)",Nate Herk | AI Automation,https://www.youtube.com/watch?v=h7BLVKh7yzc,https://drive.google.com/file/d/1UuoqORnry6tnEDSp9m0I9qYGJM32Sshf/view?usp=drive_link,2025-03-02T02:45:22.000Z
Technical Analyst AI Agent,How to build Technical Analyst AI Agent with N8N,5minAI,https://www.youtube.com/watch?v=94vh6hSiP9s,https://drive.google.com/file/d/1f8TnvD8CK8A0QIUCAZ7kuKChpEOYu0Jp/view?usp=drive_link,2025-03-01T16:40:59.000Z
Website Chat Agent,How to Build a Website AI Agent in 13 Min (Free N8N Template),Nick Saraev,https://www.youtube.com/watch?v=c2kaOwkkhpo,https://drive.google.com/file/d/1YG9P3Jzqs4TIgEzaTEPMPpIKHTWujhmx/view?usp=drive_link,2025-02-28T23:52:37.000Z
Agent Creator,I Built An n8n Agent That Builds Other Agents (Game Changer),Mark Kashef,https://www.youtube.com/watch?v=mQ-2lcl3svc,https://drive.google.com/file/d/1xuUSr26-imVhXdOYtgvRj6dC1Q64qyB3/view?usp=drive_link  https://drive.google.com/file/d/1gyD0h4PC-0LoPGqYLYSaqvIAnbBU36EH/view?usp=drive_link ,2025-02-27T22:16:12.000Z
Agentic RAG System,I Built the ULTIMATE n8n RAG AI Agent Template,Cole Medin,https://www.youtube.com/watch?v=mQt1hOjBH9o,https://drive.google.com/file/d/10iNT-cKrcFepYwBE9KjI0EVk4EsZcTMv/view?usp=drive_link,2025-02-27T01:00:44.000Z
Agent Communication Workflow,"Make Your Agents Communicate Better in n8n (Feedback, Specifying Inputs, Agent Logs)",Nate Herk | AI Automation,https://www.youtube.com/watch?v=vwlx-e8UYC8,https://drive.google.com/file/d/1P6nmdLur8KaXBa0yC9UYtyWsmQrOG-Ap/view?usp=drive_link  https://drive.google.com/file/d/1OYUcXCCe6O5HSK30lfOqx_cC1LhVO8en/view?usp=drive_link  https://drive.google.com/file/d/1DAhQB9mCTPmJAL4rckstYdZ5nIOFReHp/view?usp=drive_link ,2025-02-24T18:39:51.000Z
AI Email Agent,Build your first Ai Agent on n8n (no code),Rory Ridgers,https://www.youtube.com/watch?v=DAbnhOOFuD8,https://drive.google.com/file/d/1hMSUQzkyxfgd_Xddd48tzrrjK0T7cxd0/view?usp=drive_link,2025-02-24T18:00:16.000Z
Viral Instagram Reels,Copy Top Viral Reels in 1 Click with THIS AI automation,5minAI,https://www.youtube.com/watch?v=SQPPM0KLsrM,https://drive.google.com/file/d/1z6ViyFn1ROskvJNMTWCIfwHAG14HmdNB/view?usp=drive_link,2025-02-24T10:31:41.000Z
Supervisor Automation,n8n AI Agent Tutorial | Building Multi Agent Workflows,Leon van Zyl,https://www.youtube.com/watch?v=o2Pubq36Pao,https://drive.google.com/file/d/1iU4bsasK-0_iyUvAZ2jXAAZj51L4EMak/view?usp=drive_link  https://drive.google.com/file/d/1CRHKYJMIGBkzlAVdXVd98BnHJw7iB0-V/view?usp=drive_link  https://drive.google.com/file/d/15Cz-cUo2gggSW39Ql4cUuIEhbtobG1jO/view?usp=drive_link  https://drive.google.com/file/d/1P0K3_lctW9xg-4r48Tk_cUgH_TRAe3Ls/view?usp=drive_link  https://drive.google.com/file/d/1zEbzYbi1OyK5OicBH08bWIVdlfztv4VC/view?usp=drive_link  https://drive.google.com/file/d/1XYsyJuU5HGI-flnc8Ia2MFHV_zt4edXn/view?usp=drive_link ,2025-02-23T14:52:40.000Z
Customer Support Chatbot,How to Build a Customer Support AI Agent with n8n ~ No Code Guide for Beginners!,Mahmut Kasimoglu | AI Automation,https://www.youtube.com/watch?v=Soa8o82q5qY,https://drive.google.com/file/d/109iwXMZ7JMfEuqJBehXKSe_21MEM4Ycw/view?usp=drive_link,2025-02-23T09:29:06.000Z
Supabase RAG Agent,How to Set up Supabase and Postgres for RAG Agent with Memory in n8n (2025),Nate Herk | AI Automation,https://www.youtube.com/watch?v=JjBofKJnYIU,https://drive.google.com/file/d/1wTHYtYugfe0I6CpvV7b8S5lkaLd7NSuX/view?usp=drive_link,2025-02-22T20:26:48.000Z
Personal Assistant AI Agent,I made a Personal Assistant Ai Agent on n8n (no code),Rory Ridgers,https://www.youtube.com/watch?v=kvY6CMe1Rmc,https://drive.google.com/file/d/16x81ZbiXOR38VzfOOe5slUysAM7AI9Bi/view?usp=drive_link,2025-02-21T20:37:29.000Z
Make Workflow Converter,How to EASILY Convert Make Automations to n8n (No Code),Mark Kashef,https://www.youtube.com/watch?v=bK_4qJiQ5IM,https://drive.google.com/file/d/17VOc0_yCn5Q1lG_Rpv-_Ox7Ri_WDoZKH/view?usp=drive_link,2025-02-21T18:00:35.000Z
Voice AI Caller,This n8n AI Voice Agent Will Call Anyone For You (100% automatic),Jono Catliff,https://www.youtube.com/watch?v=k3mcttDLJB4,https://drive.google.com/file/d/1VD_WTaUoLRgG-dWuPJ71_bLMCzgLtpmO/view?usp=drive_link  https://drive.google.com/file/d/13gBZ5nag70oAodLHS7ugVnRRgKXYoVY-/view?usp=drive_link  https://drive.google.com/file/d/1CE769nokIMWCZA3_MQ9UZn3jyQ08x0I-/view?usp=drive_link  https://drive.google.com/file/d/1vcjpBNx_kd8kmHe-JNsitNO8sqVEiMFy/view?usp=drive_link ,2025-02-20T04:01:15.000Z
Calendar Agent,I Built a Human in the Loop Calendar Agent in n8n with No Code,Nate Herk | AI Automation,https://www.youtube.com/watch?v=z-gDDajSSNE,https://drive.google.com/file/d/1KPcGwRPH_o0BZ9x3ISRcPOdmImu8yYEB/view?usp=drive_link,2025-02-19T22:02:57.000Z
Upwork Automation Agent,I Built An AI Agent That Automates Upwork ($500K+ Earned),Nick Saraev,https://www.youtube.com/watch?v=0LVTTv9zxwE,https://drive.google.com/file/d/1GxyOkaCQ2jijODNNNg_GYD8MLsBtgWeS/view?usp=drive_link  https://drive.google.com/file/d/11mOiQAb2CPdJ6B30A-y4dn_LuAaIrWMN/view?usp=drive_link  https://drive.google.com/file/d/1B-JV6NDdd0vkiIsaM39hOi_AHdbOrgsV/view?usp=drive_link ,2025-02-19T02:42:44.000Z
Local AI Supabase Agent,Run Supabase 100% LOCALLY for Your AI Agents,Cole Medin,https://www.youtube.com/watch?v=pOsO40HSbOo,https://drive.google.com/file/d/1HTNCir9RFmYGV6XWAhsVvVwjUHyGVl3t/view?usp=drive_link,2025-02-17T01:00:41.000Z
AI Life Assistant,This n8n AI Assistant Will Manage Your Life (Automate Everything),Jono Catliff,https://www.youtube.com/watch?v=iEzr0GdFitU,https://drive.google.com/file/d/1un7zmUQzszQeYemiiQa_BgRBg-mSa0IC/view?usp=drive_link  https://drive.google.com/file/d/1IbG_ETQc4PuLmseh1QV-JOa7hlKPBEWM/view?usp=drive_link  https://drive.google.com/file/d/1HQIKlEMlPHraWAEBGbhacURjqaQmggM-/view?usp=drive_link  https://drive.google.com/file/d/1EOQJW9laQQEkq6ePmbpa1-w6kTUK3Uml/view?usp=drive_link  https://drive.google.com/file/d/1rYXqD60yhZ0r8uXrp4dSjDd4FUGywUkr/view?usp=drive_link  https://drive.google.com/file/d/1IBuRANFwJITSUZZF8OwjZAWa2ft3Ssza/view?usp=drive_link  https://drive.google.com/file/d/19Nd5VkE5-tHPvyqeX1VI0c59daHvwt1o/view?usp=drive_link ,2025-02-16T16:00:45.000Z
AI Voice Travel Agent,I Built an AI Voice Travel Agent with ElevenLabs and n8n (Free Template),Nate Herk | AI Automation,https://www.youtube.com/watch?v=5zhTxuuPc3A,https://drive.google.com/file/d/1_pRzOQMU0E_uitCxAilcvelukXOLTfOl/view?usp=drive_link,2025-02-16T02:12:34.000Z
Google Maps Scraper,This AI Agent Can Scrape ANYTHING (100% Automatic),Jono Catliff,https://www.youtube.com/watch?v=VAaFsqu5NE8,https://drive.google.com/file/d/1wEG5BF066ilFle4EUHVl4RNwE6-VggHG/view?usp=drive_link  https://drive.google.com/file/d/1pyJaRo4ayUTs_2keEhSfhWqJOMsgj8Pe/view?usp=drive_link  https://drive.google.com/file/d/1aXlcOBkJoC9v2Fj-w3kobxmsizFf6pd7/view?usp=drive_link  https://drive.google.com/file/d/1sv-fvplAXeKxJyn2-KMX0nV980wN7-OM/view?usp=drive_link  https://drive.google.com/file/d/1fdFCPyDjEgsaumrZ3J6TT2x4LpkCwZhX/view?usp=drive_link  https://drive.google.com/file/d/1sT552PlkviUPBhCL-EUDdF9v14xfJig6/view?usp=drive_link ,2025-02-15T19:16:14.000Z
RAG AI Agent,Create This RAG n8n AI Agent in 30 Minutes (You'll Use This Daily),Jono Catliff,https://www.youtube.com/watch?v=KC34sUqgU5A,https://drive.google.com/file/d/1DePiMuwOnKru3Llo2uZjVPaj9VKLxKcs/view?usp=drive_link  https://drive.google.com/file/d/1teQpVLs-3_nX6itv0GjRH5sg9yte2LB8/view?usp=drive_link ,2025-02-14T01:18:12.000Z
Automated Email Manager,This n8n AI Agent Will Manage Your Email Inbox (100% Automatic),Jono Catliff,https://www.youtube.com/watch?v=l0SiFihbetA,https://drive.google.com/file/d/16fEk0SgtcGqijGYBIrmZgfR13AQAJJX9/view?usp=drive_link,2025-02-12T23:17:49.000Z
Human-in-Loop Workflow,n8n Tutorial: AI Agents with Human Feedback,Leon van Zyl,https://www.youtube.com/watch?v=4wsV1GgIsrs,https://drive.google.com/file/d/1cjOP713BwHJNrQq8tbZe2JtHi6kQA1i5/view?usp=drive_link  https://drive.google.com/file/d/1dIWQlEIHHl7TCZwg7HjnwuoilyqceKLt/view?usp=drive_link ,2025-02-11T14:14:59.000Z
Instagram Parasite System,The N8N Instagram Parasite System (10K Followers In 15 Days),Nick Saraev,https://www.youtube.com/watch?v=9zBtU1mwOR4,https://drive.google.com/file/d/1TF418y0Ff1XmXVMlna0olcW8iXbUSFdP/view?usp=drive_link,2025-02-11T04:00:05.000Z
Agentic Workflow Systems,4 Agentic Frameworks for More Efficient Workflows in n8n,Nate Herk | AI Automation,https://www.youtube.com/watch?v=nSQnJoqK4DQ,https://drive.google.com/file/d/1d6rikqHI_20LQtV3az7O1jIlgxXwOxDi/view?usp=drive_link  https://drive.google.com/file/d/1ZonJFV6B8U2px_-Fe8WblUDfNvsKomZf/view?usp=drive_link  https://drive.google.com/file/d/1f-AqEGZ8b-EIHwfLtxz9QMexEQ-pcYbg/view?usp=drive_link  https://drive.google.com/file/d/1tKgq5uXibES3KSNZi7RkMBiixQxQ7UeL/view?usp=drive_link ,2025-02-10T16:03:00.000Z
AI Agent Calendar & Sheets Bot,Build Your First No-Code n8n AI Agent (Beginner's Guide),Jono Catliff,https://www.youtube.com/watch?v=81prU7h9yWs,https://drive.google.com/file/d/1JcVrQKNTzgqbJcj0EMFbtWjiUK5Fk_mt/view?usp=drive_link  https://drive.google.com/file/d/1G1X-kX70sMy-bmU1ppUJegqOXOONvRK4/view?usp=drive_link ,2025-02-09T19:00:04.000Z
AI Memory Assistant,Build an AI Agent That Actually Remembers You (n8n Tutorial),Leon van Zyl,https://www.youtube.com/watch?v=t_azqARQSb8,https://drive.google.com/file/d/1WwQi8GjaPJgFCc5UWv5gHTig-Any8kAz/view?usp=drive_link  https://drive.google.com/file/d/1ux94BknPxPV6wqUW8AtBq6hR71Xf914R/view?usp=drive_link ,2025-02-06T15:30:30.000Z
AI Price Tracker,Watch Me Build a $7.5k AI Price Tracker in 40 min (N8N) (No-Code),Ben AI,https://www.youtube.com/watch?v=KFB6BBcbIjg,https://drive.google.com/file/d/1vPITJg2ceRPUAqvIWlelg069sJebyaER/view?usp=drive_link,2025-02-06T08:00:16.000Z
Human Loop Sales,I Built a Human In The Loop Sales Team That Waits for Feedback and Approval in n8n,Nate Herk | AI Automation,https://www.youtube.com/watch?v=FcAAlOw6KZ8,https://drive.google.com/file/d/1t64LWOhddRMDPFi1OfOpBlRn7cHqiMhM/view?usp=drive_link,2025-02-05T21:12:28.000Z
AI Proposal Generator,"I Built A $2,485 AI Proposal Generator In N8N (Copy This)",Nick Saraev,https://www.youtube.com/watch?v=viN9gX030T4,https://drive.google.com/file/d/1ILUbRyqO4i-rQO3V8MGjHXV9PLneNe6r/view?usp=drive_link,2025-02-05T02:45:07.000Z
Ultimate AI Assistant,I Built the Ultimate Team of AI Agents in n8n With No Code (Free Template),Nate Herk | AI Automation,https://www.youtube.com/watch?v=9FuNtfsnRNo,https://drive.google.com/file/d/1jeWlCmi_aOGEsvUcIexGNyj9RI8oUMs5/view?usp=drive_link  https://drive.google.com/file/d/1nXudDokTVGBJohdS_jUKqcUTj1CYO9aO/view?usp=drive_link  https://drive.google.com/file/d/16hT112vkKH7WPBd1gXVMzDuGimIMehLq/view?usp=drive_link  https://drive.google.com/file/d/12vo-ispmMjBpIqTKcvJOXlA7llcbntCc/view?usp=drive_link  https://drive.google.com/file/d/1pj4L9NOwECWs0raucJPkWheR_AcTaQyM/view?usp=drive_link ,2025-02-03T04:05:00.000Z
Travel Agent Workflow,OpenAI Fires Back at DeepSeek With a New Reasoning Model: o3-mini (n8n AI Agent),Nate Herk | AI Automation,https://www.youtube.com/watch?v=IBaT-XQm_wE,https://drive.google.com/file/d/1RWYii5r5yOSIItRc-_6aNtXGmd-ltEA0/view?usp=drive_link  https://drive.google.com/file/d/1z7Pj1D9uiRLMfwpu2ofB1SGLSDhKSFTY/view?usp=drive_link ,2025-02-01T19:14:02.000Z
Gmail HR Workflow,How to process with AI 500 CVs from your Gmail in 1 hour,5minAI,https://www.youtube.com/watch?v=iNjFF4RzoVg,https://drive.google.com/file/d/1Iz1z5Xb1ceiwKIkM632kQZaHfYmkkIqH/view?usp=drive_link,2025-02-01T13:32:35.000Z
RAG Experiment System,Best Model for RAG? GPT-4o vs Claude 3.5 vs Gemini Flash 2.0 (n8n Experiment Results),Nate Herk | AI Automation,https://www.youtube.com/watch?v=_DbZjllXDv8,https://drive.google.com/file/d/1U74wSgEZOVT8Hl6Z9XhLzlmg38CPGAhq/view?usp=drive_link,2025-01-30T00:21:28.000Z
Cold Email AI Workflow,"N8N Foundational Concepts (AI Agents, JSON, Logic)",Nick Saraev,https://www.youtube.com/watch?v=6b442bN0CyI,https://drive.google.com/file/d/1H92R8P6Q8zRHbbbU9ZJl4XvI09Tn6PnP/view?usp=drive_link,2025-01-28T03:30:06.000Z
Crawl4AI Web Scraper,n8n + Crawl4AI - Scrape ANY Website in Minutes with NO Code,Cole Medin,https://www.youtube.com/watch?v=c5dw_jsGNBk,https://drive.google.com/file/d/1nUl0j6Y7HQRcE2sOOsU8hx9lTlVSMHJC/view?usp=drive_link  https://drive.google.com/file/d/159iNaTq4b4sO2LJY87Og7svvFB3RuBd_/view?usp=drive_link  https://drive.google.com/file/d/1UsJuUUq-63fQKGPNwnAZ3sNGwS-0Tntg/view?usp=drive_link  https://drive.google.com/file/d/1GOrBLRSOnEBkaG_ZzBr_hsPa9LEB615-/view?usp=drive_link ,2025-01-27T01:00:24.000Z
DeepSeek R1 Planner,How to Actually Build Agents with DeepSeek R1 in n8n (Without OpenRouter),Nate Herk | AI Automation,https://www.youtube.com/watch?v=tjaD65OCoE8,https://drive.google.com/file/d/1fjOajCeqbE1flHCpx5Kq0qr8nvoMsMVN/view?usp=drive_link,2025-01-24T17:17:32.000Z
Business Automation Suite,"N8N For Everyone (AI Agents, Workflows, & More)",Nick Saraev,https://www.youtube.com/watch?v=r6uX3btBgvw,https://drive.google.com/file/d/1qsO-s48nDhyv-xC6x9AO06W1hbdYxOGJ/view?usp=drive_link,2025-01-24T03:45:02.000Z
DeepSeek R1 Workflow,Two Ways to Save 96% of Your Money Using DeepSeek R1 in n8n,Nate Herk | AI Automation,https://www.youtube.com/watch?v=o69yGTxB8EE,https://drive.google.com/file/d/15Uf3Dk_0ilgXXbfPbU-H1_fczj7Er9md/view?usp=drive_link,2025-01-23T14:37:30.000Z
Omni AI Assistant,Build Your OWN AI Agent That Can SEE And SPEAK With Ease,Leon van Zyl,https://www.youtube.com/watch?v=cTvaMD4Tt9Y,https://drive.google.com/file/d/154CXEPU9aInFDPu5VeXmPyp2l9PRI2OV/view?usp=drive_link  https://drive.google.com/file/d/1OgJheom6elKiDngLw96h3H6Xh8Q1EF7T/view?usp=drive_link ,2025-01-21T11:00:46.000Z
Video Audition Analyzer,How to analyse any video with Gemini AI in N8N,5minAI,https://www.youtube.com/watch?v=zehXwwnH8d0,https://drive.google.com/file/d/18LCOLhvfUCIEifES9g7_bzAkQspp2jGp/view?usp=drive_link,2025-01-20T22:08:23.000Z
Tech Analyst Agent,How I Built A Technical Analyst AI Agent in n8n With No Code,Nate Herk | AI Automation,https://www.youtube.com/watch?v=dooXxhGy5Ow,https://drive.google.com/file/d/1S1t9eQmgYXVML6kWmOBZfJjyg563ppdi/view?usp=drive_link,2025-01-17T20:41:31.000Z
Email AI Agent,"How I'd Teach a 10 Year Old to Build AI Agents (No Code, n8n)",Nate Herk | AI Automation,https://www.youtube.com/watch?v=6DLZK7XDOGo,https://drive.google.com/file/d/1pkdI5-ezSEHMv1IuNqniaM60lMtnt04k/view?usp=drive_link,2025-01-17T04:08:31.000Z
Customer Support Automation,This AI Agent Handled 1000+ Support Tickets (Here's How),5minAI,https://www.youtube.com/watch?v=LCRxRnsWErs,https://drive.google.com/file/d/1SeslCyoTxjySKkppm2aCkSOcnuQw7W_D/view?usp=drive_link,2025-01-14T12:58:09.000Z
Voice RAG Agent,Having an Actual Conversation with Data Using an ElevenLabs Voice Agent and n8n,Nate Herk | AI Automation,https://www.youtube.com/watch?v=pJYm7MOyMH0,https://drive.google.com/file/d/1ix9Oihxw8GUT-VBdgBoL_7NoHFg-wvKW/view?usp=drive_link  https://drive.google.com/file/d/1YEc-zjlRwW0q8xX2HaCBbuXzlv5m_c-p/view?usp=drive_link ,2025-01-13T01:14:28.000Z
Telegram Chatbot Workflow,Flowise AI Tutorial (2025) #12 - Telegram Integration,Leon van Zyl,https://www.youtube.com/watch?v=o8yhnqCF2gs,https://drive.google.com/file/d/1puYPa55_fP14zxK8us4qb83dSOB30zFK/view?usp=drive_link  https://drive.google.com/file/d/1Xf-nw-sR_n7oGlCVrGgHE8hHXRZLv_H6/view?usp=drive_link  https://drive.google.com/file/d/1XRC2kHjweSajJ_e96i11EpFzZTI2_ovc/view?usp=drive_link  https://drive.google.com/file/d/152LPpnD3gJuKZXvINXVYZ68HqUwL6NE3/view?usp=drive_link  https://drive.google.com/file/d/1qxOCjhI7ki5QZda8e0QeuJeNUjN5weY5/view?usp=drive_link  https://drive.google.com/file/d/13d8PL79x7RA3gH9fC1_vxXjPr9KiOFLf/view?usp=drive_link ,2025-01-11T08:58:22.000Z
Airtable AI Agent,DOUBLE Your Business with this AI Agent for Airtable,5minAI,https://www.youtube.com/watch?v=SotqsAZEhdc,https://drive.google.com/file/d/1YfhuXF3KnSeiFn19IOyp9KQx7Lb2uSOD/view?usp=drive_link,2025-01-06T19:28:43.000Z
Email Auto Agent,"How I Built an AI Agent to Automate my Emails in n8n (Step by Step, No Code)",Nate Herk | AI Automation,https://www.youtube.com/watch?v=KIJHRq_Tg6o,https://drive.google.com/file/d/1CMMCcU56QNDyXLo2G9GTbjMr6CnXObiJ/view?usp=drive_link  https://drive.google.com/file/d/1yDwZQ5p_BkWJPs6cgIeuQ_zSK_8IEowo/view?usp=drive_link ,2024-12-12T01:35:24.000Z
RAG Document System,The Best RAG System On YouTube (Steal This!),Nate Herk | AI Automation,https://www.youtube.com/watch?v=Kvf-Pr1LRe4,https://drive.google.com/file/d/1_t3bSGLr2u-IT_cy9Pf0ry7wmw3uDgPe/view?usp=drive_link,2024-12-07T02:13:45.000Z
Invoice Processing Agent,This AI Agent Extracts Text From Images in n8n,Nate Herk | AI Automation,https://www.youtube.com/watch?v=skHe-qIRkM4,https://drive.google.com/file/d/1YZJKUed1cueBFn9yiOGj60GBLhI3i9m-/view?usp=drive_link,2024-12-05T21:34:27.000Z
Vector DB Integration,"Vector Database Optimization with n8n: Metadata, Text Splitting, & Embeddings",Nate Herk | AI Automation,https://www.youtube.com/watch?v=VBw5PEV-zKw,https://drive.google.com/file/d/1DjxnKBX35rCQta__qNSMpICilX5sZRYA/view?usp=drive_link,2024-12-04T01:11:47.000Z
Multi-Agent Content Maker,Build this Multi AI Agent System for Research and Content Creation in n8n,Nate Herk | AI Automation,https://www.youtube.com/watch?v=u2Tuu02r7QI,https://drive.google.com/file/d/1Up3GxZU9_29biPbi2H0VsxJl3S6GRMgu/view?usp=drive_link,2024-12-03T03:00:00.000Z
Personal Assistant,"How to Build a Personal Assistant AI Agent in n8n (Step-by-Step, No Code)",Nate Herk | AI Automation,https://www.youtube.com/watch?v=ZP4fjVWKt2w,https://drive.google.com/file/d/1-NTtE59s0xq6uhhm-01fOOG0XHtGwBDd/view?usp=drive_link  https://drive.google.com/file/d/10UW7XA4h--As9rmknmCPV-4qYQMS7_dS/view?usp=drive_link  https://drive.google.com/file/d/1jcCh0VbaAjoS_H7Qk-CzaS_w-np6Ve37/view?usp=drive_link  https://drive.google.com/file/d/1YCrEOazOxgqvQakaxH4OX9tezW5KXa3D/view?usp=drive_link ,2024-11-29T03:07:45.000Z
RAG Agent Workflow,Step by Step: RAG AI Agents Got Even Better,Nate Herk | AI Automation,https://www.youtube.com/watch?v=wEXrbtqNIqI,https://drive.google.com/file/d/1rlyxt0PlcFnz21hCjnALRPZSQjc3z9ZL/view?usp=drive_link  https://drive.google.com/file/d/1Wqvj3w1mp9TNSnvjtB0p9ZhqAm8wtsc0/view?usp=drive_link ,2024-11-24T02:25:14.000Z
Email Scraper,Step by Step: Scrape UNLIMITED Emails for FREE with n8n,Nate Herk | AI Automation,https://www.youtube.com/watch?v=NzMNuuS5JbI,https://drive.google.com/file/d/1T1IZcunKHOlmQrv5jMUpvKqsVu6EJb9m/view?usp=drive_link  https://drive.google.com/file/d/1clcHKxR1shjZu-CUj05k3R9gUrTbPcf2/view?usp=drive_link ,2024-11-15T00:42:12.000Z
Lead Nurturing Workflow,Step By Step: Automating Lead Nurturing with No Code in n8n,Nate Herk | AI Automation,https://www.youtube.com/watch?v=fWtXJswvUcA,https://drive.google.com/file/d/1aLQOrXF8LQsi6UI-qqbLqZhcW-cuWVJp/view?usp=drive_link,2024-11-01T00:34:10.000Z
AI Agent Workflow Masterclass,n8n Masterclass: Build AI Agents & Automate Workflows (Beginner to Pro),Nate Herk | AI Automation,https://www.youtube.com/watch?v=ZHH3sr234zY,https://drive.google.com/file/d/1WL-IJULogX6h4wvNHnodJTnE4mzgOvJX/view?usp=drive_link  https://drive.google.com/file/d/1BjrxM3yZI2m-QPpC65fV-LQAR5UYq4Ml/view?usp=drive_link  https://drive.google.com/file/d/16inc2zxJAtAlDCxxWK7pwHz3-kZWCVee/view?usp=drive_link ,2024-10-20T23:24:52.000Z
Pinecone RAG Agent,Step-By-Step: Add 100+ Files to Pinecone for RAG AI Agent with n8n,Nate Herk | AI Automation,https://www.youtube.com/watch?v=iT9xpiUwVbI,https://drive.google.com/file/d/1F0buhz4quaxru0H1GQbcYWnefWik_vyP/view?usp=drive_link  https://drive.google.com/file/d/1dP1ujDPksBYQUbivmijquDri5E1oFhCg/view?usp=drive_link ,2024-10-18T04:39:17.000Z
Inbox AI Automator,I Built an AI Agent that Automated my Inbox with n8n (No Code),Nate Herk | AI Automation,https://www.youtube.com/watch?v=JUx2ZfNfD64,https://drive.google.com/file/d/1y6HbQ9V-eYxFf167rjxTxKIfQzVEAYA2/view?usp=drive_link,2024-10-15T03:19:39.000Z
Personal Assistant AI,I Built a Personal Assistant AI Agent with No Code in n8n,Nate Herk | AI Automation,https://www.youtube.com/watch?v=omw1MEvMCo0,https://drive.google.com/file/d/1hbZp6hIXDpyyHaR1gR4igpSbEJgdHT2a/view?usp=drive_link  https://drive.google.com/file/d/1sUObA32j6HTdWtLcHsOCTJ2xtCpiEaWR/view?usp=drive_link  https://drive.google.com/file/d/1tyz8fyezQQ3RvSmX4jdoLiaeH2fwYWRM/view?usp=drive_link  https://drive.google.com/file/d/1RtDoTmF2zhLhoRNiD_LldGZHuxi0T1-n/view?usp=drive_link  https://drive.google.com/file/d/1alDeKxzDLbP4Kx5v6eNmiQqQnIAcH8J2/view?usp=drive_link  https://drive.google.com/file/d/1TyNe9JVcB8jMLwyjbH7f9X5thBmd1yvc/view?usp=drive_link  https://drive.google.com/file/d/1CM7hWjc0yXXUwsR5g7om6jNEdXb3M2xI/view?usp=drive_link ,2024-10-12T05:36:00.000Z
